"","ID","codigo-CIE10","descripcion","sinonimos","sexo","anexo"
"1",4797,"M519","Trastornos de los discos intervertebrales, no especificado","[CEPS-AP:503] Dorsopatías","I","motor"
"2",1913,"E660","Obesidad debida a exceso de calorias","[CEPS-AP:159] Obesidad y otros tipos de hiperalimentación","I","visceral"
"3",2411,"F918","Otros trastornos de la conducta","[CEPS-AP:210] Trastornos emocionales y del comportamiento que aparecen habitualmente en la niñez y en la adolescencia","I","mental"
"4",2181,"F209","Esquizofrenia, no especificada","[CEPS-AP:203] Esquizofrenia, trastornos esquizotípicos y trastornos delirantes","I","mental"
"5",2194,"F251","Trastorno esquizoafectivo de tipo depresivo","[CEPS-AP:203] Esquizofrenia, trastornos esquizotípicos y trastornos delirantes","I","mental"
"6",2756,"G952","Compresion medular, no especificada","[CEPS-AP:249] Otros trastornos del sistema nervioso no clasificados en otra parte","I","motor"
"7",2226,"F338","Otros trastornos depresivos recurrentes","[CEPS-AP:204] Depresión y otros trastornos del humor [afectivos]","I","mental"
"8",2278,"F500","Anorexia nerviosa","[CEPS-AP:206] Síndromes del comportamiento asociados con alteraciones fisiológicas y factores físicos","I","mental"
"9",4736,"M410","Escoliosis idiopatica infantil","[CEPS-AP:503] Dorsopatías","I","motor"
"10",2182,"F21","Trastorno esquizotipico","[CEPS-AP:203] Esquizofrenia, trastornos esquizotípicos y trastornos delirantes","I","mental"
"11",2227,"F339","Trastorno depresivo recurrente, no especificado","[CEPS-AP:204] Depresión y otros trastornos del humor [afectivos]","I","mental"
"12",2710,"G809","Paralisis cerebral infantil, sin otra especificacion","[CEPS-AP:238] Parálisis cerebral y otros síndromes paralíticos","I","motor"
"13",2314,"F603","Trastorno de la personalidad emocionalmente inestable","[CEPS-AP:207] Trastornos de la personalidad y del comportamiento en adultos","I","mental"
"14",7052,"R620","Retardo en desarrollo","[CEPS-AP:739] Demás síntomas y signos generales","I","motor"
"15",3339,"I500","Insuficiencia cardiaca congestiva","[CEPS-AP:357] Insuficiencia cardíaca","I","visceral"
"16",2380,"F801","Trastorno del lenguaje expresivo","[CEPS-AP:209] Trastornos del desarrollo psicológico","I","mental"
"17",3485,"I832","Venas varicosas de los miembros inferiores con ulcera e inflamacion","[CEPS-AP:375] Venas varicosas de los miembros inferiores","I","visceral"
"18",2222,"F331","Trastorno depresivo recurrente, episodio moderado presente","[CEPS-AP:204] Depresión y otros trastornos del humor [afectivos]","I","mental"
"19",2179,"F206","Esquizofrenia simple","[CEPS-AP:203] Esquizofrenia, trastornos esquizotípicos y trastornos delirantes","I","mental"
"20",4737,"M411","Escoliosis idiopatica juvenil","[CEPS-AP:503] Dorsopatías","I","motor"
"21",1733,"E112","Diabetes mellitus no insulinodependiente con complicaciones renales","[CEPS-AP:152] Diabetes mellitus no insulino dependiente","I","visceral"
"22",2174,"F201","Esquizofrenia hebefrenica","[CEPS-AP:203] Esquizofrenia, trastornos esquizotípicos y trastornos delirantes","I","mental"
"23",2706,"G802","Hemiplejia infantil","[CEPS-AP:238] Parálisis cerebral y otros síndromes paralíticos","I","motor"
"24",4116,"K769","Enfermedad del higado, no especificada","[CEPS-AP:436] Enfermedades del hígado","I","visceral"
"25",2384,"F809","Trastorno del desarrollo del habla y del lenguaje no especificado","[CEPS-AP:209] Trastornos del desarrollo psicológico","I","mental"
"26",4673,"M246","Anquilosis articular","[CEPS-AP:501] Artrosis y otros trastornos articulares","I","motor"
"27",2544,"G400","Epilepsia y sindromes epilepticos idiopaticos relacionados con localizaciones (focales) (parciales) y con ataques de inicio localizado","[CEPS-AP:231] Epilepsia en todas las formas","I","mental"
"28",3185,"I120","Enfermedad renal hipertensiva con insuficiencia renal","[CEPS-AP:352] Otras enfermedades hipertensivas","I","visceral"
"29",2036,"F001","Demencia en la enfermedad de alzheimer, de comienzo tardio (g30.1)",NA,"I","mental"
"30",2388,"F813","Trastorno mixto de las habilidades escolares","[CEPS-AP:209] Trastornos del desarrollo psicológico","I","mental"
"31",2552,"G408","Otras epilepsias","[CEPS-AP:231] Epilepsia en todas las formas","I","mental"
"32",2391,"F82","Trastorno especifico del desarrollo de la funcion motriz","[CEPS-AP:209] Trastornos del desarrollo psicológico","I","mental"
"33",2553,"G409","Epilepsia, tipo no especificado","[CEPS-AP:231] Epilepsia en todas las formas","I","mental"
"34",2248,"F421","Predominio de actos compulsivos [rituales obsesivos]","[CEPS-AP:205] Trast neuróticos,trast relac con strés, y trast somatomorfos","I","mental"
"35",6593,"Q610","Quiste renal solitario congenito","[CEPS-AP:653] Demás malformaciones congénitas","I","visceral"
"36",5108,"N049","Sindrome nefrotico: no especificada","[CEPS-AP:530] Glomerulonefritis aguda, crónica y sin especificar","I","visceral"
"37",5155,"N133","Otras hidronefrosis y las no especificadas","[CEPS-AP:531] Pielonefritis, pielitis y otras enfermedades renales tubulointersticial","I","visceral"
"38",5373,"N819","Prolapso genital femenino, no especificado","[CEPS-AP:543] Enfermedades inflamatorias del cuello y cuerpo del útero","F","visceral"
"39",2671,"G632","Polineuropatia diabetica (e10-e14 con cuarto caracter comun .4)",NA,"I","motor"
"40",2225,"F334","Trastorno depresivo recurrente actualmente en remision","[CEPS-AP:204] Depresión y otros trastornos del humor [afectivos]","I","mental"
"41",2224,"F333","Trastorno depresivo recurrente, episodio depresivo grave presente, con sintomas psicoticos","[CEPS-AP:204] Depresión y otros trastornos del humor [afectivos]","I","mental"
"42",2642,"G573","Lesion del nervio ciatico popliteo externo","[CEPS-AP:235] Trastorno de los nervios, de las raíces y de los plexos nerviosos","I","motor"
"43",5147,"N110","Pielonefritis cronica no obstructiva asociada con reflujo","[CEPS-AP:531] Pielonefritis, pielitis y otras enfermedades renales tubulointersticial","I","visceral"
"44",6956,"R268","Otras anormalidades de la marcha y de la movilidad y las no especificadas","[CEPS-AP:722] Síntomas y signos que involucran los sistemas nervioso y osteomuscular","I","motor"
"45",2223,"F332","Trastorno depresivo recurrente, episodio depresivo grave presente sin sintomas psicoticos","[CEPS-AP:204] Depresión y otros trastornos del humor [afectivos]","I","mental"
"46",2197,"F259","Trastorno esquizoafectivo, no especificado","[CEPS-AP:203] Esquizofrenia, trastornos esquizotípicos y trastornos delirantes","I","mental"
"47",5148,"N111","Pielonefritis cronica obstructiva","[CEPS-AP:531] Pielonefritis, pielitis y otras enfermedades renales tubulointersticial","I","visceral"
"48",5158,"N136","Pionefrosis","[CEPS-AP:531] Pielonefritis, pielitis y otras enfermedades renales tubulointersticial","I","visceral"
"49",2199,"F29","Psicosis de origen no organico, no especificada","[CEPS-AP:203] Esquizofrenia, trastornos esquizotípicos y trastornos delirantes","I","mental"
"50",3507,"I872","Insuficiencia venosa (cronica) (periferica)","[CEPS-AP:377] Todas las demás enfermedades de las venas y de los vasos y ganglios linfáticos no clasificables en otra parte","I","visceral"
"51",6913,"R13","Disfagia","[CEPS-AP:713] Disfagia [dificultad para tragar]","I","visceral"
"52",2639,"G570","Lesion del nervio ciatico","[CEPS-AP:235] Trastorno de los nervios, de las raíces y de los plexos nerviosos","I","motor"
"53",3341,"I509","Insuficiencia cardiaca, no especificada","[CEPS-AP:357] Insuficiencia cardíaca","I","visceral"
"54",2668,"G629","Polineuropatia, no especificada","[CEPS-AP:236] Polineuropatías y otros trastornos del sistema nerviosos periférico","I","motor"
"55",3444,"I739","Enfermedad vascular periferica, no especificada","[CEPS-AP:373] Otras enfermedades de las arterias, de las arteriolas y de los vasos capilares","I","visceral"
"56",2358,"F709","Retraso mental leve: deterioro del comportamiento de grado no especificado","[CEPS-AP:208] Retraso mental","I","mental"
"57",2221,"F330","Trastorno depresivo recurrente, episodio leve presente","[CEPS-AP:204] Depresión y otros trastornos del humor [afectivos]","I","mental"
"58",2660,"G610","Sindrome de guillain-barre","[CEPS-AP:236] Polineuropatías y otros trastornos del sistema nerviosos periférico","I","motor"
"59",7254,"S059","Traumatismo del ojo y de la orbita, no especificado","[CEPS-AP:757] Herida de la cabeza y el cuello","I","visual"
"60",2185,"F229","Trastorno delirante persistente, no especificado","[CEPS-AP:203] Esquizofrenia, trastornos esquizotípicos y trastornos delirantes","I","mental"
"61",3664,"J449","Enfermedad pulmonar obstructiva cronica, no especificada","[CEPS-AP:420] Enfisema y otras enfermedades pulmonares crónicas","I","visceral"
"62",6364,"Q210","Defecto del tabique ventricular","[CEPS-AP:650] Malformaciones congénitas del sistema circulatorio","I","visceral"
"63",2955,"H442","Miopia degenerativa","[CEPS-AP:299] Otras alteraciones de la visión o ceguera y demás enfermedades del ojo y sus anexos","I","visual"
"64",3018,"H542","Vision subnormal de ambos ojos","[CEPS-AP:299] Otras alteraciones de la visión o ceguera y demás enfermedades del ojo y sus anexos","I","visual"
"65",3752,"J980","Enfermedades de la traquea y de los bronquios, no clasificadas en otra parte","[CEPS-AP:424] Demás enfermedades del sistema respiratorio","I","visceral"
"66",4033,"K605","Fistula anorrectal","[CEPS-AP:434] Otras enfermedades de los intestinos","I","visceral"
"67",4606,"M160","Coxartrosis primaria, bilateral","[CEPS-AP:501] Artrosis y otros trastornos articulares","I","motor"
"68",2251,"F429","Trastorno obsesivo-compulsivo, no especificado","[CEPS-AP:205] Trast neuróticos,trast relac con strés, y trast somatomorfos","I","mental"
"69",2051,"F03","Demencia , no especificada","[CEPS-AP:200] Trastornos mentales orgánicos, incluidos los trastornos sintomáticos","I","mental"
"70",2390,"F819","Trastorno del desarrollo de las habilidades escolares, no especificado","[CEPS-AP:209] Trastornos del desarrollo psicológico","I","mental"
"71",2410,"F913","Trastorno opositor desafiante","[CEPS-AP:210] Trastornos emocionales y del comportamiento que aparecen habitualmente en la niñez y en la adolescencia","I","mental"
"72",2713,"G819","Hemiplejia, no especificada","[CEPS-AP:238] Parálisis cerebral y otros síndromes paralíticos","I","motor"
"73",7876,"T131","Herida de miembro inferior, nivel no especificado","[CEPS-AP:760] Herida del miembro inferior","I","motor"
"74",3418,"I694","Secuelas de accidente vascular encefalico, no especificado como hemorragico o isquemico",NA,"I","motor"
"75",2253,"F431","Trastorno de estrés postraumatico","[CEPS-AP:205] Trast neuróticos,trast relac con strés, y trast somatomorfos","I","mental"
"76",4704,"M329","Lupus eritematoso sistemico, sin otra especificacion","[CEPS-AP:502] Lupus eritematoso sistémico y otros trastornos sistémicos del tejido conjuntivo","I","motor"
"77",4791,"M510","Trastornos de discos intervertebrales lumbares y otros, con mielopatia (g99.2)","[CEPS-AP:503] Dorsopatías","I","motor"
"78",6969,"R32","Incontinencia urinaria, no especificada","[CEPS-AP:723] Síntomas y signos que involucran el sistema urinario","I","visceral"
"79",7021,"R490","Disfonia","[CEPS-AP:725] Síntomas y signos que involucran el habla y la voz","I","visceral"
"80",2396,"F843","Otro trastorno desintegrativo de la niñez","[CEPS-AP:209] Trastornos del desarrollo psicológico","I","mental"
"81",2392,"F83","Trastornos especificos mixtos del desarrollo","[CEPS-AP:209] Trastornos del desarrollo psicológico","I","mental"
"82",3484,"I831","Venas varicosas de los miembros inferiores con inflamacion","[CEPS-AP:375] Venas varicosas de los miembros inferiores","I","visceral"
"83",2531,"G35","Esclerosis multiple","[CEPS-AP:230] Enfermedades desmielinizantes del sistema nervioso central","I","motor"
"84",3132,"H919","Hipoacusia, no especificada","[CEPS-AP:305] Hipoacusias","I","auditivo"
"85",3340,"I501","Insuficiencia ventricular izquierda","[CEPS-AP:357] Insuficiencia cardíaca","I","visceral"
"86",4634,"M200","Deformidad de dedo(s) de la mano","[CEPS-AP:501] Artrosis y otros trastornos articulares","I","motor"
"87",4713,"M349","Esclerosis sistemica, no especificada","[CEPS-AP:502] Lupus eritematoso sistémico y otros trastornos sistémicos del tejido conjuntivo","I","motor"
"88",6626,"Q650","Luxacion congenita de la cadera, unilateral","[CEPS-AP:652] Malformaciones y deformidades congénitas del sistema osteomuscular","I","motor"
"89",3760,"J989","Trastorno respiratorio, no especificado","[CEPS-AP:424] Demás enfermedades del sistema respiratorio","I","visceral"
"90",4030,"K602","Fisura anal, no especificada","[CEPS-AP:434] Otras enfermedades de los intestinos","I","visceral"
"91",5154,"N132","Hidronefrosis con obstruccion por calculos del riñon y del ureter","[CEPS-AP:531] Pielonefritis, pielitis y otras enfermedades renales tubulointersticial","I","visceral"
"92",2393,"F840","Autismo en la niñez","[CEPS-AP:209] Trastornos del desarrollo psicológico","I","mental"
"93",4107,"K760","Degeneracion grasa del higado, no clasificada en otra parte","[CEPS-AP:436] Enfermedades del hígado","I","visceral"
"94",7253,"S058","Otros traumatismos del ojo y de la orbita","[CEPS-AP:757] Herida de la cabeza y el cuello","I","visual"
"95",2704,"G800","Paralisis cerebral espastica","[CEPS-AP:238] Parálisis cerebral y otros síndromes paralíticos","I","motor"
"96",3483,"I830","Venas varicosas de los miembros inferiores con ulcera","[CEPS-AP:375] Venas varicosas de los miembros inferiores","I","visceral"
"97",4615,"M170","Gonartrosis primaria, bilateral","[CEPS-AP:501] Artrosis y otros trastornos articulares","I","motor"
"98",2618,"G541","Trastornos del plexo lumbosacro","[CEPS-AP:235] Trastorno de los nervios, de las raíces y de los plexos nerviosos","I","motor"
"99",4618,"M173","Otras gonartrosis postraumaticas","[CEPS-AP:501] Artrosis y otros trastornos articulares","I","motor"
"100",3759,"J988","Otros trastornos respiratorios especificados","[CEPS-AP:424] Demás enfermedades del sistema respiratorio","I","visceral"
"101",2714,"G820","Paraplejia flacida","[CEPS-AP:238] Parálisis cerebral y otros síndromes paralíticos","I","motor"
"102",2038,"F009","Demencia en la enfermedad de alzheimer, no especificada (g30.9)",NA,"I","mental"
"103",5369,"N814","Prolapso uterovaginal, sin otra especificacion","[CEPS-AP:543] Enfermedades inflamatorias del cuello y cuerpo del útero","F","visceral"
"104",4611,"M165","Otra coxartrosis postraumatica","[CEPS-AP:501] Artrosis y otros trastornos articulares","I","motor"
"105",1078,"C698","Lesion de sitios contiguos del ojo y sus anexos","[CEPS-AP:108] Todos los demás tumores malignos","I","visual"
"106",3721,"J849","Enfermedad pulmonar intersticial, no especificada","[CEPS-AP:424] Demás enfermedades del sistema respiratorio","I","visceral"
"107",7255,"S060","Concusion","[CEPS-AP:762] Demás traumatismos","I","visual"
"108",3429,"I714","Aneurisma de la aorta abdominal, sin mencion de ruptura","[CEPS-AP:373] Otras enfermedades de las arterias, de las arteriolas y de los vasos capilares","I","visceral"
"109",2398,"F845","Sindrome de asperger","[CEPS-AP:209] Trastornos del desarrollo psicológico","I","mental"
"110",1723,"E102","Diabetes mellitus insulinodependiente con complicaciones renales","[CEPS-AP:151] Diabetes mellitus","I","visceral"
"111",5965,"P050","Bajo peso para la edad gestacional","[CEPS-AP:626] Trastornos relacionados con la duración de la gestación y el crecimiento fetal","I","motor"
"112",4738,"M412","Otras escoliosis idiopaticas","[CEPS-AP:503] Dorsopatías","I","motor"
"113",3482,"I829","Embolia y trombosis de vena no especificada","[CEPS-AP:377] Todas las demás enfermedades de las venas y de los vasos y ganglios linfáticos no clasificables en otra parte","I","visceral"
"114",4550,"M069","Artritis reumatoide, no especificada","[CEPS-AP:500] Artropatías infecciosas, artritis reumatoide y estados afines","I","motor"
"115",4747,"M430","Espondilolisis","[CEPS-AP:503] Dorsopatías","I","motor"
"116",2738,"G919","Hidrocefalo, no especificado","[CEPS-AP:249] Otros trastornos del sistema nervioso no clasificados en otra parte","I","motor"
"117",2400,"F849","Trastorno generalizado del desarrollo no especificado","[CEPS-AP:209] Trastornos del desarrollo psicológico","I","mental"
"118",4785,"M500","Trastorno de disco cervical con mielopatia (g99.2)","[CEPS-AP:503] Dorsopatías","I","motor"
"119",2385,"F810","Trastorno especifico de la lectura","[CEPS-AP:209] Trastornos del desarrollo psicológico","I","mental"
"120",6087,"P371","Toxoplasmosis congenita","[CEPS-AP:627] Infecciones específicas del período perinatal","I","motor"
"121",2035,"F000","Demencia en la enfermedad de alzheimer, de comienzo temprano (g30.0)",NA,"I","mental"
"122",2173,"F200","Esquizofrenia paranoide","[CEPS-AP:203] Esquizofrenia, trastornos esquizotípicos y trastornos delirantes","I","mental"
"123",2647,"G579","Mononeuropatia del miembro inferior, sin otra especificacion","[CEPS-AP:235] Trastorno de los nervios, de las raíces y de los plexos nerviosos","I","motor"
"124",3481,"I828","Embolia y trombosis de otras venas especificadas","[CEPS-AP:377] Todas las demás enfermedades de las venas y de los vasos y ganglios linfáticos no clasificables en otra parte","I","visceral"
"125",4175,"K931","Megacolon en la enfermedad de chagas (b57.3)",NA,"I","visceral"
"126",2936,"H400","Sospecha de glaucoma","[CEPS-AP:255] Glaucoma","I","visual"
"127",2934,"H360","Retinopatia diabetica (e10-e14 con cuarto caracter comun .3)",NA,"I","visual"
"128",7251,"S056","Herida penetrante del globo ocular sin cuerpo extraño","[CEPS-AP:757] Herida de la cabeza y el cuello","I","visual"
"129",2937,"H401","Glaucoma primario de angulo abierto","[CEPS-AP:255] Glaucoma","I","visual"
"130",3128,"H911","Presbiacusia","[CEPS-AP:305] Hipoacusias","I","auditivo"
"131",5103,"N044","Sindrome nefrotico: glomerulonefritis proliferativa endocapilar difusa","[CEPS-AP:530] Glomerulonefritis aguda, crónica y sin especificar","I","visceral"
"132",2854,"H186","Queratocono","[CEPS-AP:252] Trastornos de la esclerótica, córnea, iris y cuerpo ciliar","I","visual"
"133",5221,"N311","Vejiga neuropatica refleja, no clasificada en otra parte","[CEPS-AP:535] Otras enfermedades del riñón, uréter, vejiga y uretra","I","visceral"
"134",5222,"N312","Vejiga neuropatica flacida, no clasificada en otra parte","[CEPS-AP:535] Otras enfermedades del riñón, uréter, vejiga y uretra","I","visceral"
"135",3120,"H902","Hipoacusia conductiva, sin otra especificacion","[CEPS-AP:305] Hipoacusias","I","auditivo"
"136",5199,"N251","Diabetes insipida nefrogena","[CEPS-AP:535] Otras enfermedades del riñón, uréter, vejiga y uretra","I","visceral"
"137",1141,"C793","Tumor maligno secundario del encefalo y de las meninges cerebrales","[CEPS-AP:108] Todos los demás tumores malignos","I","visceral"
"138",3121,"H903","Hipoacusia neurosensorial, bilateral","[CEPS-AP:305] Hipoacusias","I","auditivo"
"139",4793,"M512","Otros desplazamientos especificados de disco intervertebral","[CEPS-AP:503] Dorsopatías","I","motor"
"140",2383,"F808","Otros trastornos del desarrollo del habla y del lenguaje","[CEPS-AP:209] Trastornos del desarrollo psicológico","I","mental"
"141",2853,"H185","Distrofia hereditaria de la cornea","[CEPS-AP:252] Trastornos de la esclerótica, córnea, iris y cuerpo ciliar","I","visual"
"142",2845,"H171","Otras opacidades centrales de la cornea","[CEPS-AP:252] Trastornos de la esclerótica, córnea, iris y cuerpo ciliar","I","visual"
"143",6306,"Q120","Catarata congenita","[CEPS-AP:653] Demás malformaciones congénitas","I","visual"
"144",2902,"H308","Otras coriorretinitis","[CEPS-AP:254] Trastornos de la coroides y de la retina","I","visual"
"145",3746,"J955","Estenosis subglotica consecutiva a procedimientos","[CEPS-AP:424] Demás enfermedades del sistema respiratorio","I","visceral"
"146",4028,"K600","Fisura anal aguda","[CEPS-AP:434] Otras enfermedades de los intestinos","I","visceral"
"147",2039,"F010","Demencia vascular de comienzo agudo","[CEPS-AP:200] Trastornos mentales orgánicos, incluidos los trastornos sintomáticos","I","mental"
"148",5367,"N812","Prolapso uterovaginal incompleto","[CEPS-AP:543] Enfermedades inflamatorias del cuello y cuerpo del útero","F","visceral"
"149",3990,"K515","Proctocolitis mucosa","[CEPS-AP:433] Enteritis y colitis no infecciosa","I","visceral"
"150",2590,"G473","Apnea del sueño","[CEPS-AP:234] Trastornos del sueño","I","visceral"
"151",3118,"H900","Hipoacusia conductiva bilateral","[CEPS-AP:305] Hipoacusias","I","auditivo"
"152",2941,"H405","Glaucoma secundario a otros trastornos del ojo","[CEPS-AP:255] Glaucoma","I","visual"
"153",2070,"F078","Otros trastornos organicos de la personalidad y del comportamiento debidos a enfermedad, lesion y disfuncion cerebrales","[CEPS-AP:200] Trastornos mentales orgánicos, incluidos los trastornos sintomáticos","I","mental"
"154",921,"C341","Tumor maligno del lobulo superior, bronquio o pulmon","[CEPS-AP:101] Tumores malignos de los órganos respiratorios e intratorácicos","I","visceral"
"155",3131,"H918","Otras hipoacusias especificadas","[CEPS-AP:305] Hipoacusias","I","auditivo"
"156",2048,"F023","Demencia en la enfermedad de parkinson (g20)",NA,"I","mental"
"157",2495,"G219","Parkinsonismo secundario, no especificado","[CEPS-AP:227] Enfermedad de parkinson y parkinsonismo secundario","I","motor"
"158",4160,"K909","Malabsorcion intestinal, no especificada","[CEPS-AP:449] Otras enfermedades del aparato digestivo","I","visceral"
"159",4115,"K768","Otras enfermedades especificas del higado","[CEPS-AP:436] Enfermedades del hígado","I","visceral"
"160",872,"C187","Tumor maligno del colon sigmoide","[CEPS-AP:100] Tumores malignos de los órganos digestivos","I","visceral"
"161",2646,"G578","Otras mononeuropatias del miembro inferior","[CEPS-AP:235] Trastorno de los nervios, de las raíces y de los plexos nerviosos","I","motor"
"162",7735,"S880","Amputacion traumatica a nivel de la rodilla","[CEPS-AP:762] Demás traumatismos","I","motor"
"163",6915,"R15","Incontinencia fecal","[CEPS-AP:719] Otros síntomas y signos que involucran el sistema digestivo y el abdomen","I","visceral"
"164",5220,"N310","Vejiga neuropatica no inhibida, no clasificada en otra parte","[CEPS-AP:535] Otras enfermedades del riñón, uréter, vejiga y uretra","I","visceral"
"165",5224,"N319","Disfuncion neuromuscular de la vejiga, no especificada","[CEPS-AP:535] Otras enfermedades del riñón, uréter, vejiga y uretra","I","visceral"
"166",2547,"G403","Epilepsia y sindromes epilepticos idiopaticos generalizados","[CEPS-AP:231] Epilepsia en todas las formas","I","mental"
"167",6920,"R18","Ascitis","[CEPS-AP:719] Otros síntomas y signos que involucran el sistema digestivo y el abdomen","I","visceral"
"168",4702,"M321","Lupus eritematoso sistemico con compromiso de organos o sistemas","[CEPS-AP:502] Lupus eritematoso sistémico y otros trastornos sistémicos del tejido conjuntivo","I","visceral"
"169",3989,"K514","Seudopoliposis del colon","[CEPS-AP:433] Enteritis y colitis no infecciosa","I","visceral"
"170",3124,"H906","Hipoacusia mixta conductiva y neurosensorial, bilateral","[CEPS-AP:305] Hipoacusias","I","auditivo"
"171",2489,"G20","Enfermedad de parkinson","[CEPS-AP:227] Enfermedad de parkinson y parkinsonismo secundario","I","motor"
"172",3183,"I110","Enfermedad cardiaca hipertensiva con insuficiencia cardiaca (congestiva)","[CEPS-AP:352] Otras enfermedades hipertensivas","I","visceral"
"173",4977,"M869","Osteomielitis, no especificada","[CEPS-AP:524] Otros trastornos del sistema osteomuscular y del tejido conjuntivo","I","motor"
"174",3449,"I744","Embolia y trombosis de arterias de los miembros, no especificadas","[CEPS-AP:373] Otras enfermedades de las arterias, de las arteriolas y de los vasos capilares","I","visceral"
"175",4001,"K558","Otros trastornos vasculares del intestino","[CEPS-AP:434] Otras enfermedades de los intestinos","I","visceral"
"176",2183,"F220","Trastorno delirante","[CEPS-AP:203] Esquizofrenia, trastornos esquizotípicos y trastornos delirantes","I","mental"
"177",2913,"H330","Desprendimiento de la retina con ruptura","[CEPS-AP:254] Trastornos de la coroides y de la retina","I","visual"
"178",2545,"G401","Epilepsia y sindromes epilepticos sintomaticos relacionados con localizaciones (focales) (parciales) y con ataques parciales simples","[CEPS-AP:231] Epilepsia en todas las formas","I","mental"
"179",7258,"S063","Traumatismo cerebral focal","[CEPS-AP:762] Demás traumatismos","I","visual"
"180",3756,"J984","Otros trastornos del pulmon","[CEPS-AP:424] Demás enfermedades del sistema respiratorio","I","visceral"
"181",5372,"N818","Otros prolapsos genitales femeninos","[CEPS-AP:543] Enfermedades inflamatorias del cuello y cuerpo del útero","F","visceral"
"182",3988,"K513","Rectosigmoiditis (cronica) ulcerativa","[CEPS-AP:433] Enteritis y colitis no infecciosa","I","visceral"
"183",2927,"H353","Degeneracion de la macula y del polo posterior del ojo","[CEPS-AP:254] Trastornos de la coroides y de la retina","I","visual"
"184",867,"C182","Tumor maligno del colon ascendente","[CEPS-AP:100] Tumores malignos de los órganos digestivos","I","visceral"
"185",4954,"M841","Falta de consolidacion de fractura [seudoartrosis]","[CEPS-AP:504] Osteoporosis y otros trastornos de la densidad y de las estructuras óseas","I","motor"
"186",4032,"K604","Fistula rectal","[CEPS-AP:434] Otras enfermedades de los intestinos","I","visceral"
"187",2548,"G404","Otras epilepsias y sindromes epilepticos generalizados","[CEPS-AP:231] Epilepsia en todas las formas","I","mental"
"188",4099,"K746","Otras cirrosis del higado y la no especificadas","[CEPS-AP:436] Enfermedades del hígado","I","visceral"
"189",5160,"N138","Otras uropatias obstructivas por reflujo","[CEPS-AP:531] Pielonefritis, pielitis y otras enfermedades renales tubulointersticial","I","visceral"
"190",3992,"K519","Colitis ulcerativa, sin otra especificacion","[CEPS-AP:433] Enteritis y colitis no infecciosa","I","visceral"
"191",2623,"G546","Sindrome del miembro fantasma con dolor","[CEPS-AP:235] Trastorno de los nervios, de las raíces y de los plexos nerviosos","I","motor"
"192",4154,"K900","Enfermedad celiaca","[CEPS-AP:449] Otras enfermedades del aparato digestivo","I","visceral"
"193",7257,"S062","Traumatismo cerebral difuso","[CEPS-AP:762] Demás traumatismos","I","visual"
"194",7629,"S681","Amputacion traumatica de otro dedo unico (completa) (parcial)","[CEPS-AP:762] Demás traumatismos","I","motor"
"195",3126,"H908","Hipoacusia mixta conductiva y neurosensorial, no especificada","[CEPS-AP:305] Hipoacusias","I","auditivo"
"196",4031,"K603","Fisura anal","[CEPS-AP:434] Otras enfermedades de los intestinos","I","visceral"
"197",6957,"R270","Ataxia, no especificada","[CEPS-AP:722] Síntomas y signos que involucran los sistemas nervioso y osteomuscular","I","motor"
"198",3129,"H912","Hipoacusia subida idiopatica","[CEPS-AP:305] Hipoacusias","I","auditivo"
"199",7841,"T054","Amputacion traumatica de un pie y la otra pierna [cualquier nivel, excepto pie]","[CEPS-AP:762] Demás traumatismos","I","motor"
"200",5150,"N119","Nefritis tubulointersticial cronica, sin otra especificacion","[CEPS-AP:531] Pielonefritis, pielitis y otras enfermedades renales tubulointersticial","I","visceral"
"201",893,"C250","Tumor maligno de la cabeza del pancreas","[CEPS-AP:100] Tumores malignos de los órganos digestivos","I","visceral"
"202",8468,"T952","Secuelas de quemadura, corrosion y congelamiento de miembro superior","[CEPS-AP:770] Secuelas de traumatismos, envenamientos, quemaduras, corrosiones y congelamientos","I","motor"
"203",1054,"C64","Tumor maligno del riñon, excepto de la pelvis renal","[CEPS-AP:106] Tumores malignos de las vías urinarias","I","visceral"
"204",2678,"G700","Miastenia gravis","[CEPS-AP:237] Enfermedades musculares y de la unión neuromuscular","I","motor"
"205",3719,"J841","Otras enfermedades pulmonares intersticiales con fibrosis","[CEPS-AP:424] Demás enfermedades del sistema respiratorio","I","visceral"
"206",2635,"G563","Lesion del nervio radial","[CEPS-AP:235] Trastorno de los nervios, de las raíces y de los plexos nerviosos","I","motor"
"207",4564,"M089","Artritis juvenil, no especificada","[CEPS-AP:500] Artropatías infecciosas, artritis reumatoide y estados afines","I","motor"
"208",2634,"G562","Lesion del nervio cubital","[CEPS-AP:235] Trastorno de los nervios, de las raíces y de los plexos nerviosos","I","motor"
"209",6686,"Q726","Defecto por reduccion longitudinal del perone","[CEPS-AP:652] Malformaciones y deformidades congénitas del sistema osteomuscular","I","motor"
"210",852,"C162","Tumor maligno del cuerpo del estomago","[CEPS-AP:100] Tumores malignos de los órganos digestivos","I","visceral"
"211",4158,"K904","Malabsorcion debida a intolerancia, no clasificada en otra parte","[CEPS-AP:449] Otras enfermedades del aparato digestivo","I","visceral"
"212",894,"C251","Tumor maligno del cuerpo del pancreas","[CEPS-AP:100] Tumores malignos de los órganos digestivos","I","visceral"
"213",3123,"H905","Hipoacusia neurosensorial, sin otra especificacion","[CEPS-AP:305] Hipoacusias","I","auditivo"
"214",741,"B909","Secuelas de tuberculosis respiratoria y de tuberculosis no especificada","[CEPS-AP:99] Resto de ciertas enfermedades infecciosas y parasitarias","I","visceral"
"215",2662,"G618","Otras polineuropatias inflamatorias","[CEPS-AP:236] Polineuropatías y otros trastornos del sistema nerviosos periférico","I","motor"
"216",630,"B580","Oculopatia debida a toxoplasma","[CEPS-AP:78] Toxoplasmosis","I","visual"
"217",2938,"H402","Glaucoma primario de angulo cerrado","[CEPS-AP:255] Glaucoma","I","visual"
"218",2637,"G568","Otras mononeuropatias del miembro superior","[CEPS-AP:235] Trastorno de los nervios, de las raíces y de los plexos nerviosos","I","motor"
"219",2044,"F019","Demencia vascular, no especificada","[CEPS-AP:200] Trastornos mentales orgánicos, incluidos los trastornos sintomáticos","I","mental"
"220",4646,"M215","Mano o pie en garra o en talipes, pie equinovaro o zambo adquiridos","[CEPS-AP:501] Artrosis y otros trastornos articulares","I","motor"
"221",2549,"G405","Sindromes epilepticos especiales","[CEPS-AP:231] Epilepsia en todas las formas","I","mental"
"222",7512,"S481","Amputacion traumatica a nivel entre el hombro y el codo","[CEPS-AP:762] Demás traumatismos","I","motor"
"223",2505,"G243","Torticolis espasmodica","[CEPS-AP:228] Otras enfermedades degenerativas, distonía y otros trastornos extrapiramidales y del movimiento","I","motor"
"224",2043,"F018","Otras demencias vasculares","[CEPS-AP:200] Trastornos mentales orgánicos, incluidos los trastornos sintomáticos","I","mental"
"225",2184,"F228","Otros trastornos delirantes persistentes","[CEPS-AP:203] Esquizofrenia, trastornos esquizotípicos y trastornos delirantes","I","mental"
"226",2683,"G710","Distrofia muscular","[CEPS-AP:237] Enfermedades musculares y de la unión neuromuscular","I","motor"
"227",2944,"H409","Glaucoma, no especificado","[CEPS-AP:255] Glaucoma","I","visual"
"228",4976,"M868","Otras osteomielitis","[CEPS-AP:524] Otros trastornos del sistema osteomuscular y del tejido conjuntivo","I","motor"
"229",2510,"G250","Temblor esencial","[CEPS-AP:228] Otras enfermedades degenerativas, distonía y otros trastornos extrapiramidales y del movimiento","I","motor"
"230",851,"C161","Tumor maligno del fundus gastrico","[CEPS-AP:100] Tumores malignos de los órganos digestivos","I","visceral"
"231",2378,"F799","Retraso mental, no especificado: deterioro del comportamiento de grado no especificado","[CEPS-AP:208] Retraso mental","I","mental"
"232",7014,"R470","Disfasia y afasia","[CEPS-AP:725] Síntomas y signos que involucran el habla y la voz","I","motor"
"233",12391,"Z952","Presencia de valvula cardiaca protesica","[CEPS-AP:899] Otras condiciones que influyen en el estado de salud","I","visceral"
"234",2474,"G111","Ataxia cerebelosa de iniciacion temprana","[CEPS-AP:249] Otros trastornos del sistema nervioso no clasificados en otra parte","I","motor"
"235",7264,"S069","Traumatismo intracraneal, no especificado","[CEPS-AP:762] Demás traumatismos","I","visual"
"236",6596,"Q613","Riñon poliquistico, tipo no especificado","[CEPS-AP:653] Demás malformaciones congénitas","I","visceral"
"237",4096,"K743","Cirrosis biliar primaria","[CEPS-AP:436] Enfermedades del hígado","I","visceral"
"238",7866,"T111","Herida de miembro superior, nivel no especificado","[CEPS-AP:759] Herida del miembro superior","I","motor"
"239",5097,"N038","Sindrome nefritico cronico: otras","[CEPS-AP:530] Glomerulonefritis aguda, crónica y sin especificar","I","visceral"
"240",3514,"I890","Linfedema, no clasificado en otra parte","[CEPS-AP:377] Todas las demás enfermedades de las venas y de los vasos y ganglios linfáticos no clasificables en otra parte","I","visceral"
"241",4744,"M420","Osteocondrosis juvenil de la columna vertebral","[CEPS-AP:503] Dorsopatías","I","motor"
"242",2916,"H333","Desgarro de la retina sin desprendimiento","[CEPS-AP:254] Trastornos de la coroides y de la retina","I","visual"
"243",2399,"F848","Otros trastornos generalizados del desarrollo","[CEPS-AP:209] Trastornos del desarrollo psicológico","I","mental"
"244",6600,"Q619","Enfermedad quistica del riñon, no especificada","[CEPS-AP:653] Demás malformaciones congénitas","I","visceral"
"245",447,"B182","Hepatitis viral tipo c cronica","[CEPS-AP:60] Hepatitis viral","I","visceral"
"246",3024,"H55","Nistagmo y otros movimientos oculares irregulares","[CEPS-AP:299] Otras alteraciones de la visión o ceguera y demás enfermedades del ojo y sus anexos","I","visual"
"247",2925,"H351","Retinopatia de la prematuridad","[CEPS-AP:254] Trastornos de la coroides y de la retina","I","visual"
"248",2638,"G569","Mononeuropatia del miembro superior sin otra especificacion","[CEPS-AP:235] Trastorno de los nervios, de las raíces y de los plexos nerviosos","I","motor"
"249",2667,"G628","Otras polineuropatias especificadas","[CEPS-AP:236] Polineuropatías y otros trastornos del sistema nerviosos periférico","I","motor"
"250",2494,"G218","Otros tipos de parkinsonismo secundario","[CEPS-AP:227] Enfermedad de parkinson y parkinsonismo secundario","I","motor"
"251",2617,"G540","Trastornos del plexo braquial","[CEPS-AP:235] Trastorno de los nervios, de las raíces y de los plexos nerviosos","I","motor"
"252",4972,"M863","Osteomielitis multifocal cronica","[CEPS-AP:524] Otros trastornos del sistema osteomuscular y del tejido conjuntivo","I","motor"
"253",3452,"I749","Embolia y trombosis de arteria no especificada","[CEPS-AP:373] Otras enfermedades de las arterias, de las arteriolas y de los vasos capilares","I","visceral"
"254",4975,"M866","Otras osteomielitis cronicas","[CEPS-AP:524] Otros trastornos del sistema osteomuscular y del tejido conjuntivo","I","motor"
"255",3448,"I743","Embolia y trombosis de arterias de los miembros inferiores","[CEPS-AP:373] Otras enfermedades de las arterias, de las arteriolas y de los vasos capilares","I","visceral"
"256",2676,"G638","Polineuropatia en otras enfermedades clasificadas en otra parte",NA,"I","motor"
"257",5230,"N328","Otros trastornos especificados de la vejiga","[CEPS-AP:535] Otras enfermedades del riñón, uréter, vejiga y uretra","I","visceral"
"258",3682,"J64","Neumoconiosis, no especificada","[CEPS-AP:422] Enfermedades del pulmón debidos a agentes externos","I","visceral"
"259",4714,"M350","Sindrome seco [sjögren]","[CEPS-AP:502] Lupus eritematoso sistémico y otros trastornos sistémicos del tejido conjuntivo","I","motor"
"260",2213,"F318","Otros trastornos afectivos bipolares","[CEPS-AP:224] Otros trastornos mentales y del comportamiento","I","mental"
"261",2250,"F428","Otros trastornos obsesivo-compulsivos","[CEPS-AP:205] Trast neuróticos,trast relac con strés, y trast somatomorfos","I","mental"
"262",6438,"Q315","Laringomalacia congenita",NA,"I","visceral"
"263",2613,"G531","Paralisis multiple de los nervios craneales en enfermedades infecciosas y parasitarias clasificadas en otra parte (a00-b99)",NA,"I","motor"
"264",2943,"H408","Otros glaucomas","[CEPS-AP:255] Glaucoma","I","visual"
"265",2918,"H335","Otros desprendimiento de la retina","[CEPS-AP:254] Trastornos de la coroides y de la retina","I","visual"
"266",2726,"G839","Sindrome paralitico, no especificado","[CEPS-AP:238] Parálisis cerebral y otros síndromes paralíticos","I","motor"
"267",2725,"G838","Otros sindromes paraliticos especificados","[CEPS-AP:238] Parálisis cerebral y otros síndromes paralíticos","I","motor"
"268",2397,"F844","Trastorno hiperactivo asociado con retraso mental y movimientos estereotipados","[CEPS-AP:209] Trastornos del desarrollo psicológico","I","mental"
"269",12415,"Z981","Estado de artrodesis","[CEPS-AP:831] Otros procedimientos específicos y cuidados de la salud","I","motor"
"270",4971,"M862","Osteomielitis subaguda","[CEPS-AP:524] Otros trastornos del sistema osteomuscular y del tejido conjuntivo","I","motor"
"271",925,"C349","Tumor maligno de los bronquios o del pulmon, parte no especificada","[CEPS-AP:101] Tumores malignos de los órganos respiratorios e intratorácicos","I","visceral"
"272",2966,"H46","Neuritis optica","[CEPS-AP:299] Otras alteraciones de la visión o ceguera y demás enfermedades del ojo y sus anexos","I","visual"
"273",2362,"F719","Retraso mental moderado: deterioro del comportamiento de grado no especificado","[CEPS-AP:208] Retraso mental","I","mental"
"274",2684,"G711","Trastornos miotonicos","[CEPS-AP:237] Enfermedades musculares y de la unión neuromuscular","I","motor"
"275",2643,"G574","Lesion del nervio ciatico popliteo interno","[CEPS-AP:235] Trastorno de los nervios, de las raíces y de los plexos nerviosos","I","motor"
"276",2247,"F420","Predominio de pensamientos o rumiaciones obsesivas","[CEPS-AP:205] Trast neuróticos,trast relac con strés, y trast somatomorfos","I","mental"
"277",1999,"E840","Fibrosis quistica con manifestaciones pulmonares","[CEPS-AP:160] Trastornos metabólicos","I","visceral"
"278",3987,"K512","Proctitis (cronica) ulcerativa","[CEPS-AP:433] Enteritis y colitis no infecciosa","I","visceral"
"279",6630,"Q654","Subluxacion congenita de la cadera, bilateral","[CEPS-AP:652] Malformaciones y deformidades congénitas del sistema osteomuscular","I","motor"
"280",6265,"Q040","Malformaciones congenitas del cuerpo calloso","[CEPS-AP:653] Demás malformaciones congénitas","I","visual"
"281",6757,"Q820","Linfedema hereditario","[CEPS-AP:653] Demás malformaciones congénitas","I","visceral"
"282",847,"C155","Tumor maligno del tercio inferior del esofago","[CEPS-AP:100] Tumores malignos de los órganos digestivos","I","visceral"
"283",3263,"I351","Insuficiencia (de la valvula) aortica","[CEPS-AP:355] Pericarditis, endocarditis, miocarditis aguda y cardiomiopatía","I","visceral"
"284",887,"C229","Tumor maligno del higado, no especificado","[CEPS-AP:100] Tumores malignos de los órganos digestivos","I","visceral"
"285",874,"C189","Tumor maligno del colon, parte no especificada","[CEPS-AP:100] Tumores malignos de los órganos digestivos","I","visceral"
"286",6371,"Q220","Atresia de la valvula pulmonar","[CEPS-AP:650] Malformaciones congénitas del sistema circulatorio","I","visceral"
"287",2180,"F208","Otras esquizofrenias","[CEPS-AP:203] Esquizofrenia, trastornos esquizotípicos y trastornos delirantes","I","mental"
"288",2379,"F800","Trastorno especifico de la pronunciacion","[CEPS-AP:209] Trastornos del desarrollo psicológico","I","mental"
"289",2895,"H280","Catarata diabetica (e10-e14 con cuarto caracter comun .3)",NA,"I","visual"
"290",2040,"F011","Demencia vascular por infartos multiples","[CEPS-AP:200] Trastornos mentales orgánicos, incluidos los trastornos sintomáticos","I","mental"
"291",6255,"Q010","Encefalocele frontal","[CEPS-AP:653] Demás malformaciones congénitas","I","motor"
"292",3991,"K518","Otras colitis ulcerativas","[CEPS-AP:433] Enteritis y colitis no infecciosa","I","visceral"
"293",3261,"I349","Trastorno mitral no reumatico, no especificado","[CEPS-AP:355] Pericarditis, endocarditis, miocarditis aguda y cardiomiopatía","I","visceral"
"294",3266,"I359","Trastorno de la valvula aortica, no especificado","[CEPS-AP:355] Pericarditis, endocarditis, miocarditis aguda y cardiomiopatía","I","visceral"
"295",2551,"G407","Pequeño mal, no especificado (sin ataque de gran mal)","[CEPS-AP:231] Epilepsia en todas las formas","I","mental"
"296",2193,"F250","Trastorno esquizoafectivo de tipo maniaco","[CEPS-AP:203] Esquizofrenia, trastornos esquizotípicos y trastornos delirantes","I","mental"
"297",2847,"H179","Cicatriz u opacidad de la cornea, no especificada","[CEPS-AP:252] Trastornos de la esclerótica, córnea, iris y cuerpo ciliar","I","visual"
"298",3445,"I740","Embolia y trombosis de la aorta abdominal","[CEPS-AP:373] Otras enfermedades de las arterias, de las arteriolas y de los vasos capilares","I","visceral"
"299",2711,"G810","Hemiplejia flacida","[CEPS-AP:238] Parálisis cerebral y otros síndromes paralíticos","I","motor"
"300",2939,"H403","Glaucoma secundario a traumatismo ocular","[CEPS-AP:255] Glaucoma","I","visual"
"301",2476,"G113","Ataxia cerebelosa con reparacion defectuosa del adn","[CEPS-AP:249] Otros trastornos del sistema nervioso no clasificados en otra parte","I","motor"
"302",882,"C221","Carcinoma de vias biliares intrahepaticas","[CEPS-AP:100] Tumores malignos de los órganos digestivos","I","visceral"
"303",3417,"I693","Secuelas de infarto cerebral",NA,"I","visual"
"304",2688,"G719","Trastorno primario del musculo, tipo no especificado","[CEPS-AP:237] Enfermedades musculares y de la unión neuromuscular","I","motor"
"305",4114,"K767","Sindrome hepatorrenal","[CEPS-AP:436] Enfermedades del hígado","I","visceral"
"306",7245,"S050","Traumatismo de la conjuntiva y abrasion corneal sin mencion de cuerpo extraño","[CEPS-AP:762] Demás traumatismos","I","visual"
"307",4957,"M844","Fractura patologica, no clasificada en otra parte","[CEPS-AP:504] Osteoporosis y otros trastornos de la densidad y de las estructuras óseas","I","motor"
"308",2196,"F258","Otros trastornos esquizoafectivos","[CEPS-AP:203] Esquizofrenia, trastornos esquizotípicos y trastornos delirantes","I","mental"
"309",3525,"I972","Sindrome de linfedema postmastectomia","[CEPS-AP:399] Otros trastornos y los no especificados del sistema circulatorio","I","visceral"
"310",2630,"G553","Compresiones de las raices y plexos nerviosos en otras dorsopatias (m45-m46, m48.-, m53-m54)",NA,"I","motor"
"311",1066,"C679","Tumor maligno de la vejiga urinaria, parte no especificada","[CEPS-AP:106] Tumores malignos de las vías urinarias","I","visceral"
"312",3017,"H541","Ceguera de un ojo, vision subnormal del otro","[CEPS-AP:299] Otras alteraciones de la visión o ceguera y demás enfermedades del ojo y sus anexos","I","visual"
"313",2687,"G718","Otros trastornos primarios de los musculos","[CEPS-AP:237] Enfermedades musculares y de la unión neuromuscular","I","motor"
"314",2929,"H355","Distrofia hereditaria de la retina","[CEPS-AP:254] Trastornos de la coroides y de la retina","I","visual"
"315",6955,"R262","Dificultad para caminar, no clasificada en otra parte","[CEPS-AP:722] Síntomas y signos que involucran los sistemas nervioso y osteomuscular","I","motor"
"316",6586,"Q600","Agenesia renal, unilateral","[CEPS-AP:653] Demás malformaciones congénitas","I","visceral"
"317",916,"C323","Tumor maligno del cartilago laringeo","[CEPS-AP:101] Tumores malignos de los órganos respiratorios e intratorácicos","I","visceral"
"318",3750,"J961","Insuficiencia respiratoria cronica","[CEPS-AP:424] Demás enfermedades del sistema respiratorio","I","visceral"
"319",5183,"N180","Insuficiencia renal terminal","[CEPS-AP:532] Insuficiencia renal","I","visceral"
"320",2677,"G64","Otros trastornos del sistema nervioso periferico","[CEPS-AP:236] Polineuropatías y otros trastornos del sistema nerviosos periférico","I","motor"
"321",3262,"I350","Estenosis (de la valvula) aortica","[CEPS-AP:355] Pericarditis, endocarditis, miocarditis aguda y cardiomiopatía","I","visceral"
"322",7248,"S053","Laceracion ocular sin prolapso o perdida del tejido intraocular","[CEPS-AP:757] Herida de la cabeza y el cuello","I","visual"
"323",12420,"Z992","Dependencia de dialisis renal","[CEPS-AP:899] Otras condiciones que influyen en el estado de salud","I","visceral"
"324",6004,"P140","Paralisis de erb debida a traumatismo del nacimiento","[CEPS-AP:649] Demás afecciones originadas en el período perinatal","I","motor"
"325",2520,"G300","Enfermedad de alzheimer de comienzo temprano","[CEPS-AP:229] Enfermedad de alzheimer y otras enfermedades degenerativas del sistema nerviosos","I","mental"
"326",3637,"J380","Paralisis de las cuerdas vocales y de la laringe","[CEPS-AP:418] Otras enfermedades de las vías respiratorias superiores","I","visceral"
"327",6685,"Q725","Defecto por reduccion longitudinal de la tibia","[CEPS-AP:652] Malformaciones y deformidades congénitas del sistema osteomuscular","I","motor"
"328",2485,"G130","Neuromiopatia y neuropatia paraneoplasica",NA,"I","motor"
"329",3125,"H907","Hipoacusia mixta conductiva y neurosensorial, unilateral con audicion irrestricta contralateral","[CEPS-AP:305] Hipoacusias","I","auditivo"
"330",2177,"F204","Depresion postesquizofrenica","[CEPS-AP:203] Esquizofrenia, trastornos esquizotípicos y trastornos delirantes","I","mental"
"331",876,"C20","Tumor maligno del recto","[CEPS-AP:100] Tumores malignos de los órganos digestivos","I","visceral"
"332",4648,"M217","Longitud desigual de los miembros (adquirida)","[CEPS-AP:501] Artrosis y otros trastornos articulares","I","motor"
"333",2709,"G808","Otros tipos de paralisis cerebral infantil","[CEPS-AP:238] Parálisis cerebral y otros síndromes paralíticos","I","motor"
"334",2447,"G009","Meningitis bacteriana, no especificada","[CEPS-AP:225] Meningitis bacteriana","I","motor"
"335",853,"C163","Tumor maligno del antro pilorico","[CEPS-AP:100] Tumores malignos de los órganos digestivos","I","visceral"
"336",924,"C348","Lesion de sitios contiguos de los bronquios y del pulmon","[CEPS-AP:101] Tumores malignos de los órganos respiratorios e intratorácicos","I","visceral"
"337",4715,"M351","Otros sindromes superpuestos","[CEPS-AP:502] Lupus eritematoso sistémico y otros trastornos sistémicos del tejido conjuntivo","I","motor"
"338",5366,"N811","Cistocele","[CEPS-AP:543] Enfermedades inflamatorias del cuello y cuerpo del útero","F","visceral"
"339",863,"C178","Tumor maligno del lesion de sitios contiguos del intestino delgado","[CEPS-AP:100] Tumores malignos de los órganos digestivos","I","visceral"
"340",918,"C329","Tumor maligno de la laringe, parte no especificada","[CEPS-AP:101] Tumores malignos de los órganos respiratorios e intratorácicos","I","visceral"
"341",4620,"M175","Otras gonartrosis secundarias","[CEPS-AP:501] Artrosis y otros trastornos articulares","I","motor"
"342",446,"B181","Hepatitis viral tipo b cronica, sin agente delta","[CEPS-AP:60] Hepatitis viral","I","visceral"
"343",2654,"G600","Neuroptia hereditaria motora y sensorial","[CEPS-AP:236] Polineuropatías y otros trastornos del sistema nerviosos periférico","I","motor"
"344",2721,"G831","Monoplejia del miembro inferior","[CEPS-AP:238] Parálisis cerebral y otros síndromes paralíticos","I","motor"
"345",7263,"S068","Otros traumatismos intracraneales","[CEPS-AP:762] Demás traumatismos","I","visual"
"346",6511,"Q431","Enfermedad de hirschsprung","[CEPS-AP:653] Demás malformaciones congénitas","I","visceral"
"347",3498,"I859","Varices esofagicas sin hemorragia","[CEPS-AP:377] Todas las demás enfermedades de las venas y de los vasos y ganglios linfáticos no clasificables en otra parte","I","visceral"
"348",6446,"Q330","Quiste pulmonar congenito","[CEPS-AP:653] Demás malformaciones congénitas","I","visceral"
"349",4159,"K908","Otros tipos de malabsorcion intestinal","[CEPS-AP:449] Otras enfermedades del aparato digestivo","I","visceral"
"350",3119,"H901","Hipoacusia conductiva, unilateral con audicion irrestricta contralateral","[CEPS-AP:305] Hipoacusias","I","auditivo"
"351",3122,"H904","Hipoacusia neurosensorial, unilateral con audicion irrestricta contralateral","[CEPS-AP:305] Hipoacusias","I","auditivo"
"352",6655,"Q681","Deformidad congenita de la mano","[CEPS-AP:652] Malformaciones y deformidades congénitas del sistema osteomuscular","I","motor"
"353",3486,"I839","Venas varicosas de los miembros inferiores sin ulcera ni inflamacion","[CEPS-AP:375] Venas varicosas de los miembros inferiores","I","visceral"
"354",2649,"G587","Mononeuritis multiple","[CEPS-AP:235] Trastorno de los nervios, de las raíces y de los plexos nerviosos","I","motor"
"355",2675,"G636","Polineuropatia en otros trastornos osteomusculares (m00-m25, m40-m96)",NA,"I","motor"
"356",2071,"F079","Trastorno organico de la personalidad y del comportamiento, no especificado, debido a enfermedad, lesion y disfuncion cerebral","[CEPS-AP:200] Trastornos mentales orgánicos, incluidos los trastornos sintomáticos","I","mental"
"357",3233,"I270","Hipertension pulmonar primaria","[CEPS-AP:354] Enfermedad cardiopulmonar y enfermedades de la circulación pulmonar","I","visceral"
"358",6599,"Q618","Otras enfermedades renales quisticas","[CEPS-AP:653] Demás malformaciones congénitas","I","visceral"
"359",2723,"G833","Monoplejia, no especificada","[CEPS-AP:238] Parálisis cerebral y otros síndromes paralíticos","I","motor"
"360",4970,"M861","Otras osteomielitis agudas","[CEPS-AP:524] Otros trastornos del sistema osteomuscular y del tejido conjuntivo","I","motor"
"361",2695,"G729","Miopatia, no especificada","[CEPS-AP:237] Enfermedades musculares y de la unión neuromuscular","I","motor"
"362",885,"C224","Otros sarcomas del higado","[CEPS-AP:100] Tumores malignos de los órganos digestivos","I","visceral"
"363",3985,"K510","Enterocolitis (cronica) ulcerativa","[CEPS-AP:433] Enteritis y colitis no infecciosa","I","visceral"
"364",3758,"J986","Trastornos del diafragma","[CEPS-AP:424] Demás enfermedades del sistema respiratorio","I","visceral"
"365",3993,"K520","Colitis y gastroenteritis debidas a radiacion","[CEPS-AP:433] Enteritis y colitis no infecciosa","I","visceral"
"366",4739,"M413","Escoliosis toracogenica","[CEPS-AP:503] Dorsopatías","I","motor"
"367",2539,"G373","Mielitis transversa aguda en enfermedad desmielinizante del sistema nervioso central","[CEPS-AP:230] Enfermedades desmielinizantes del sistema nervioso central","I","motor"
"368",5226,"N321","Fistula vesicointestinal","[CEPS-AP:535] Otras enfermedades del riñón, uréter, vejiga y uretra","I","visceral"
"369",4157,"K903","Esteatorrea pancreatica","[CEPS-AP:449] Otras enfermedades del aparato digestivo","I","visceral"
"370",2067,"F070","Trastorno de la personalidad, organico","[CEPS-AP:200] Trastornos mentales orgánicos, incluidos los trastornos sintomáticos","I","mental"
"371",2650,"G588","Otras mononeuropatias especificadas","[CEPS-AP:235] Trastorno de los nervios, de las raíces y de los plexos nerviosos","I","motor"
"372",5161,"N139","Uropatia obstructiva por reflujo, sin otra especificacion","[CEPS-AP:531] Pielonefritis, pielitis y otras enfermedades renales tubulointersticial","I","visceral"
"373",3754,"J982","Enfisema intersticial","[CEPS-AP:424] Demás enfermedades del sistema respiratorio","I","visceral"
"374",12379,"Z940","Trasplante de riñon","[CEPS-AP:899] Otras condiciones que influyen en el estado de salud","I","visceral"
"375",3670,"J47","Bronquiectasia","[CEPS-AP:424] Demás enfermedades del sistema respiratorio","I","visceral"
"376",2506,"G244","Distonia bucofacial idiopatica","[CEPS-AP:228] Otras enfermedades degenerativas, distonía y otros trastornos extrapiramidales y del movimiento","I","motor"
"377",2550,"G406","Ataques de gran mal, no especificados (con o sin pequeño mal)","[CEPS-AP:231] Epilepsia en todas las formas","I","mental"
"378",6588,"Q602","Agenesia renal, sin otra especificación","[CEPS-AP:653] Demás malformaciones congénitas","I","visceral"
"379",5370,"N815","Enterocele vaginal","[CEPS-AP:543] Enfermedades inflamatorias del cuello y cuerpo del útero","F","visceral"
"380",2512,"G252","Otras formas especificadas de temblor","[CEPS-AP:228] Otras enfermedades degenerativas, distonía y otros trastornos extrapiramidales y del movimiento","I","motor"
"381",2523,"G309","Enfermedad de alzheimer, no especificada","[CEPS-AP:229] Enfermedad de alzheimer y otras enfermedades degenerativas del sistema nerviosos","I","mental"
"382",8469,"T953","Secuelas de quemadura, corrosion y congelamiento de miembro inferior","[CEPS-AP:770] Secuelas de traumatismos, envenamientos, quemaduras, corrosiones y congelamientos","I","motor"
"383",2508,"G248","Otras distonias","[CEPS-AP:228] Otras enfermedades degenerativas, distonía y otros trastornos extrapiramidales y del movimiento","I","motor"
"384",3186,"I129","Enfermedad renal hipertensiva sin insuficiencia renal","[CEPS-AP:352] Otras enfermedades hipertensivas","I","visceral"
"385",923,"C343","Tumor maligno del lobulo inferior, bronquio o pulmon","[CEPS-AP:101] Tumores malignos de los órganos respiratorios e intratorácicos","I","visceral"
"386",5231,"N329","Trastorno de la vejiga, no especificado","[CEPS-AP:535] Otras enfermedades del riñón, uréter, vejiga y uretra","I","visceral"
"387",6979,"R401","Estupor","[CEPS-AP:724] Síntomas y signos que involucran el conocimiento, la percepción, el estado emocional y la conducta","I","mental"
"388",12425,"F84","Trastornos generalizados del desarrollo","[CEPS-AP:209] Trastornos del desarrollo psicológico","I","mental"
"389",3227,"I255","Cardiomiopatia isquemica","[CEPS-AP:353] Enfermedades isquémicas del corazón (Enfermedad coronaria / Coronariopatía)","I","visceral"
"390",4029,"K601","Fisura anal cronica","[CEPS-AP:434] Otras enfermedades de los intestinos","I","visceral"
"391",2546,"G402","Epilepsia y sindromes epilepticos sintomaticos relacionados con localizaciones (focales) (parciales) y con ataques parciales complejos","[CEPS-AP:231] Epilepsia en todas las formas","I","mental"
"392",4086,"K721","Insuficiencia hepatica cronica","[CEPS-AP:436] Enfermedades del hígado","I","visceral"
"393",5152,"N130","Hidronefrosis con obstruccion de la union uretero-pelvica","[CEPS-AP:531] Pielonefritis, pielitis y otras enfermedades renales tubulointersticial","I","visceral"
"394",3451,"I748","Embolia y trombosis de otras arterias","[CEPS-AP:373] Otras enfermedades de las arterias, de las arteriolas y de los vasos capilares","I","visceral"
"395",6679,"Q719","Defecto por reduccion del miembro superior, no especificado","[CEPS-AP:652] Malformaciones y deformidades congénitas del sistema osteomuscular","I","motor"
"396",2772,"G998","Otros trastornos especificados del sistema nervioso en enfermedades clasificadas en otra parte",NA,"I","motor"
"397",448,"B188","Otras hepatitis virales cronicas","[CEPS-AP:60] Hepatitis viral","I","visceral"
"398",1927,"E703","Albinismo","[CEPS-AP:160] Trastornos metabólicos","I","visual"
"399",4756,"M45","Espondilitis anquilosante","[CEPS-AP:503] Dorsopatías","I","motor"
"400",2716,"G822","Paraplejia, no especificada","[CEPS-AP:238] Parálisis cerebral y otros síndromes paralíticos","I","motor"
"401",902,"C261","Tumor maligno del bazo","[CEPS-AP:100] Tumores malignos de los órganos digestivos","I","visceral"
"402",844,"C152","Tumor maligno del esofago, porcion abdominal","[CEPS-AP:100] Tumores malignos de los órganos digestivos","I","visceral"
"403",3497,"I850","Varices esofagicas con hemorragia","[CEPS-AP:377] Todas las demás enfermedades de las venas y de los vasos y ganglios linfáticos no clasificables en otra parte","I","visceral"
"404",2517,"G258","Otros trastornos extrapiramidales y del movimiento","[CEPS-AP:228] Otras enfermedades degenerativas, distonía y otros trastornos extrapiramidales y del movimiento","I","motor"
"405",6327,"Q150","Glaucoma congenito","[CEPS-AP:653] Demás malformaciones congénitas","I","visual"
"406",6629,"Q653","Subluxacion congenita de la cadera, unilateral","[CEPS-AP:652] Malformaciones y deformidades congénitas del sistema osteomuscular","I","motor"
"407",2694,"G728","Otras miopatias especificadas","[CEPS-AP:237] Enfermedades musculares y de la unión neuromuscular","I","motor"
"408",3447,"I742","Embolia y trombosis de arterias de los miembros superiores","[CEPS-AP:373] Otras enfermedades de las arterias, de las arteriolas y de los vasos capilares","I","visceral"
"409",3984,"K509","Enfermedad de Crohn, no especificada","[CEPS-AP:433] Enteritis y colitis no infecciosa","I","visceral"
"410",2060,"F063","Trastornos del humor [afectivos], organicos","[CEPS-AP:200] Trastornos mentales orgánicos, incluidos los trastornos sintomáticos","I","mental"
"411",2175,"F202","Esquizofrenia catatonica","[CEPS-AP:203] Esquizofrenia, trastornos esquizotípicos y trastornos delirantes","I","mental"
"412",7246,"S051","Contusion del globo ocular y del tejido orbitario","[CEPS-AP:762] Demás traumatismos","I","visual"
"413",2659,"G609","Neuropatia hereditaria e idiopatica, sin otra especificacion","[CEPS-AP:236] Polineuropatías y otros trastornos del sistema nerviosos periférico","I","motor"
"414",7630,"S682","Amputacion traumatica de dos o mas dedos solamente (completa) (parcial)","[CEPS-AP:762] Demás traumatismos","I","motor"
"415",6260,"Q02","Microcefalia","[CEPS-AP:653] Demás malformaciones congénitas","I","motor"
"416",3016,"H540","Ceguera de ambos ojos","[CEPS-AP:299] Otras alteraciones de la visión o ceguera y demás enfermedades del ojo y sus anexos","I","visual"
"417",2394,"F841","Autismo atipico","[CEPS-AP:209] Trastornos del desarrollo psicológico","I","mental"
"418",6397,"Q251","Coartacion de la aorta","[CEPS-AP:650] Malformaciones congénitas del sistema circulatorio","I","visceral"
"419",4958,"M848","Otros trastornos de la continuidad del hueso","[CEPS-AP:504] Osteoporosis y otros trastornos de la densidad y de las estructuras óseas","I","motor"
"420",873,"C188","Lesion de sitios contiguos del colon","[CEPS-AP:100] Tumores malignos de los órganos digestivos","I","visceral"
"421",5228,"N323","Diverticulo de la vejiga","[CEPS-AP:535] Otras enfermedades del riñón, uréter, vejiga y uretra","I","visceral"
"422",5100,"N041","Sindrome nefrotico: lesiones glomerulares focales y segmentarias","[CEPS-AP:530] Glomerulonefritis aguda, crónica y sin especificar","I","visceral"
"423",5091,"N032","Sindrome nefritico cronico: glomerulonefritis membranosa difusa","[CEPS-AP:530] Glomerulonefritis aguda, crónica y sin especificar","I","visceral"
"424",2525,"G311","Degeneracion cerebral senil no clasificada en otra parte","[CEPS-AP:229] Enfermedad de alzheimer y otras enfermedades degenerativas del sistema nerviosos","I","mental"
"425",7250,"S055","Herida penetrante del globo ocular con cuerpo extraño","[CEPS-AP:757] Herida de la cabeza y el cuello","I","visual"
"426",5159,"N137","Uropatia asociada con reflujo vesicoureteral","[CEPS-AP:531] Pielonefritis, pielitis y otras enfermedades renales tubulointersticial","I","visceral"
"427",2429,"F952","Trastornos por tics motores y vocales multiples combinados [de la tourette]","[CEPS-AP:210] Trastornos emocionales y del comportamiento que aparecen habitualmente en la niñez y en la adolescencia","I","mental"
"428",12371,"Z931","Gastrostomia","[CEPS-AP:899] Otras condiciones que influyen en el estado de salud","I","visceral"
"429",2543,"G379","Enfermedad desmielinizante del sistema nervioso central, no especificada","[CEPS-AP:230] Enfermedades desmielinizantes del sistema nervioso central","I","motor"
"430",6283,"Q059","Espina bifida, no especificada","[CEPS-AP:653] Demás malformaciones congénitas","I","motor"
"431",2720,"G830","Diplejia de los miembros superiores","[CEPS-AP:238] Parálisis cerebral y otros síndromes paralíticos","I","motor"
"432",2705,"G801","Diplejia espastica","[CEPS-AP:238] Parálisis cerebral y otros síndromes paralíticos","I","motor"
"433",3236,"I278","Otras enfermedades cardiopulmonares especificadas","[CEPS-AP:354] Enfermedad cardiopulmonar y enfermedades de la circulación pulmonar","I","visceral"
"434",2915,"H332","Desprendimiento seroso de la retina","[CEPS-AP:254] Trastornos de la coroides y de la retina","I","visual"
"435",2737,"G918","Otros tipos de hidrocefalo","[CEPS-AP:249] Otros trastornos del sistema nervioso no clasificados en otra parte","I","motor"
"436",2475,"G112","Ataxia cerebelosa de iniciacion tardia","[CEPS-AP:249] Otros trastornos del sistema nervioso no clasificados en otra parte","I","motor"
"437",6304,"Q112","Microftalmia","[CEPS-AP:653] Demás malformaciones congénitas","I","visual"
"438",2917,"H334","Desprendimiento de la retina por traccion","[CEPS-AP:254] Trastornos de la coroides y de la retina","I","visual"
"439",901,"C260","Tumor maligno del intestino, parte no especificada","[CEPS-AP:100] Tumores malignos de los órganos digestivos","I","visceral"
"440",6627,"Q651","Luxacion congenita de la cadera, bilateral","[CEPS-AP:652] Malformaciones y deformidades congénitas del sistema osteomuscular","I","motor"
"441",3011,"H534","Defectos del campo visual","[CEPS-AP:299] Otras alteraciones de la visión o ceguera y demás enfermedades del ojo y sus anexos","I","visual"
"442",2722,"G832","Monoplejia del miembro superior","[CEPS-AP:238] Parálisis cerebral y otros síndromes paralíticos","I","motor"
"443",2195,"F252","Trastorno esquizoafectivo de tipo mixto","[CEPS-AP:203] Esquizofrenia, trastornos esquizotípicos y trastornos delirantes","I","mental"
"444",3998,"K550","Trastorno vascular agudo de los intestinos","[CEPS-AP:434] Otras enfermedades de los intestinos","I","visceral"
"445",2178,"F205","Esquizofrenia residual","[CEPS-AP:203] Esquizofrenia, trastornos esquizotípicos y trastornos delirantes","I","mental"
"446",6367,"Q213","Tetralogia de fallot","[CEPS-AP:650] Malformaciones congénitas del sistema circulatorio","I","visceral"
"447",2712,"G811","Hemiplejia espastica","[CEPS-AP:238] Parálisis cerebral y otros síndromes paralíticos","I","motor"
"448",2482,"G122","Enfermedades de las neuronas motoras","[CEPS-AP:249] Otros trastornos del sistema nervioso no clasificados en otra parte","I","motor"
"449",1077,"C696","Tumor maligno de la orbita","[CEPS-AP:108] Todos los demás tumores malignos","I","visual"
"450",2496,"G22","Parkinsonismo en enfermedades clasificadas en otra parte",NA,"I","motor"
"451",6690,"Q730","Ausencia completa de miembro(s) no especificado(s)","[CEPS-AP:652] Malformaciones y deformidades congénitas del sistema osteomuscular","I","motor"
"452",7840,"T053","Amputacion traumatica de ambos pies","[CEPS-AP:762] Demás traumatismos","I","motor"
"453",4113,"K766","Hipertension portal","[CEPS-AP:436] Enfermedades del hígado","I","visceral"
"454",5968,"P059","Retardo del crecimiento fetal, no especificado","[CEPS-AP:626] Trastornos relacionados con la duración de la gestación y el crecimiento fetal","I","motor"
"455",742,"B91","Secuelas de poliomielitis","[CEPS-AP:99] Resto de ciertas enfermedades infecciosas y parasitarias","I","motor"
"456",866,"C181","Tumor maligno del apendice","[CEPS-AP:100] Tumores malignos de los órganos digestivos","I","visceral"
"457",2958,"H445","Afecciones degenerativas del globo ocular","[CEPS-AP:299] Otras alteraciones de la visión o ceguera y demás enfermedades del ojo y sus anexos","I","visual"
"458",2381,"F802","Trastorno de la recepcion del lenguaje","[CEPS-AP:209] Trastornos del desarrollo psicológico","I","mental"
"459",445,"B180","Hepatitis viral tipo b cronica, con agente delta","[CEPS-AP:60] Hepatitis viral","I","visceral"
"460",6721,"Q774","Acondroplasia","[CEPS-AP:652] Malformaciones y deformidades congénitas del sistema osteomuscular","I","motor"
"461",3643,"J386","Estenosis laringea","[CEPS-AP:418] Otras enfermedades de las vías respiratorias superiores","I","visceral"
"462",4956,"M843","Fractura por tension, no clasificada en otra parte","[CEPS-AP:504] Osteoporosis y otros trastornos de la densidad y de las estructuras óseas","I","motor"
"463",2387,"F812","Trastorno especifico de las habilidades aritmeticas","[CEPS-AP:209] Trastornos del desarrollo psicológico","I","mental"
"464",2176,"F203","Esquizofrenia indiferenciada","[CEPS-AP:203] Esquizofrenia, trastornos esquizotípicos y trastornos delirantes","I","mental"
"465",4953,"M840","Consolidacion defectuosa de fractura","[CEPS-AP:504] Osteoporosis y otros trastornos de la densidad y de las estructuras óseas","I","motor"
"466",3162,"I061","Insuficiencia aortica reumatica","[CEPS-AP:350] Fiebre reumática aguda y enfermedades reumáticas crónicas","I","visceral"
"467",2515,"G255","Otras coreas","[CEPS-AP:228] Otras enfermedades degenerativas, distonía y otros trastornos extrapiramidales y del movimiento","I","motor"
"468",6589,"Q603","Hipoplasia renal, unilateral","[CEPS-AP:653] Demás malformaciones congénitas","I","visceral"
"469",6687,"Q727","Pie hendido","[CEPS-AP:652] Malformaciones y deformidades congénitas del sistema osteomuscular","I","motor"
"470",1147,"C80","Tumor maligno de sitios no especificados","[CEPS-AP:108] Todos los demás tumores malignos","I","visceral"
"471",6303,"Q111","Otras anoftalmias","[CEPS-AP:653] Demás malformaciones congénitas","I","visual"
"472",3328,"I472","Taquicardia ventricular","[CEPS-AP:358] Las demás enfermedades cardíacas","I","visceral"
"473",3160,"I059","Enfermedad valvular mitral, no especificada","[CEPS-AP:350] Fiebre reumática aguda y enfermedades reumáticas crónicas","I","visceral"
"474",2382,"F803","Afasia adquirida con epilepsia [landau-kleffner]","[CEPS-AP:209] Trastornos del desarrollo psicológico","I","mental"
"475",12403,"Z966","Presencia de implante ortopedico articular","[CEPS-AP:899] Otras condiciones que influyen en el estado de salud","I","motor"
"476",6024,"P219","Asfixia del nacimiento, no especificada","[CEPS-AP:649] Demás afecciones originadas en el período perinatal","I","motor"
"477",2484,"G129","Atrofia muscular espinal, sin otra especificacion","[CEPS-AP:249] Otros trastornos del sistema nervioso no clasificados en otra parte","I","motor"
"478",5006,"M911","Osteocondrosis juvenil de la cabeza del femur [legg-calve-perthes]","[CEPS-AP:524] Otros trastornos del sistema osteomuscular y del tejido conjuntivo","I","motor"
"479",6633,"Q658","Otras deformidades congenitas de la cadera","[CEPS-AP:652] Malformaciones y deformidades congénitas del sistema osteomuscular","I","motor"
"480",4156,"K902","Sindrome del asa ciega, no clasificado en otra parte","[CEPS-AP:449] Otras enfermedades del aparato digestivo","I","visceral"
"481",6019,"P200","Hipoxia intrauterina notada por primera vez antes del inicio del trabajo de parto","[CEPS-AP:649] Demás afecciones originadas en el período perinatal","I","motor"
"482",6020,"P201","Hipoxia intrauterina notada por primera vez durante el trabajo de parto","[CEPS-AP:649] Demás afecciones originadas en el período perinatal","I","motor"
"483",3982,"K501","Enfermedad de Crohn del intestino grueso","[CEPS-AP:433] Enteritis y colitis no infecciosa","I","visceral"
"484",3292,"I420","Cardiomiopatia dilatada","[CEPS-AP:355] Pericarditis, endocarditis, miocarditis aguda y cardiomiopatía","I","visceral"
"485",6376,"Q225","Anomalia de ebstein","[CEPS-AP:650] Malformaciones congénitas del sistema circulatorio","I","visceral"
"486",3257,"I340","Insuficiencia (de la valvula) mitral","[CEPS-AP:355] Pericarditis, endocarditis, miocarditis aguda y cardiomiopatía","I","visceral"
"487",12389,"Z950","Presencia de marcapaso cardiaco","[CEPS-AP:899] Otras condiciones que influyen en el estado de salud","I","visceral"
"488",5054,"M995","Estenosis del canal neural por disco intervertebral","[CEPS-AP:524] Otros trastornos del sistema osteomuscular y del tejido conjuntivo","I","motor"
"489",3158,"I052","Estenosis mitral con insuficiencia","[CEPS-AP:350] Fiebre reumática aguda y enfermedades reumáticas crónicas","I","visceral"
"490",6365,"Q211","Defecto del tabique auricular","[CEPS-AP:650] Malformaciones congénitas del sistema circulatorio","I","visceral"
"491",3419,"I698","Secuelas de otras enfermedades cerebrovasculares y de las no especificadas",NA,"I","visual"
"492",2844,"H170","Leucoma adherente","[CEPS-AP:252] Trastornos de la esclerótica, córnea, iris y cuerpo ciliar","I","visual"
"493",7260,"S065","Hemorragia subdural traumatica","[CEPS-AP:762] Demás traumatismos","I","visual"
"494",12390,"Z951","Presencia de derivacion aortocoronaria","[CEPS-AP:899] Otras condiciones que influyen en el estado de salud","I","visceral"
"495",5368,"N813","Prolapso uterovaginal completo","[CEPS-AP:543] Enfermedades inflamatorias del cuello y cuerpo del útero","F","visceral"
"496",12373,"Z933","Colostomia","[CEPS-AP:899] Otras condiciones que influyen en el estado de salud","I","visceral"
"497",7628,"S680","Amputacion traumatica del pulgar (completa) (parcial)","[CEPS-AP:762] Demás traumatismos","I","motor"
"498",2940,"H404","Glaucoma secundario a inflamacion ocular","[CEPS-AP:255] Glaucoma","I","visual"
"499",7249,"S054","Herida penetrante de la orbita con o sin cuerpo extraño","[CEPS-AP:757] Herida de la cabeza y el cuello","I","visual"
"500",12394,"Z955","Presencia de angioplastia, injertos y protesis cardiovasculares","[CEPS-AP:899] Otras condiciones que influyen en el estado de salud","I","visceral"
"501",5969,"P070","Peso extremadamente bajo al nacer","[CEPS-AP:626] Trastornos relacionados con la duración de la gestación y el crecimiento fetal","I","motor"
"502",7261,"S066","Hemorragia subaracnoidea traumatica","[CEPS-AP:762] Demás traumatismos","I","visual"
"503",2663,"G619","Polineuropatia inflamatoria, no especificada","[CEPS-AP:236] Polineuropatías y otros trastornos del sistema nerviosos periférico","I","motor"
"504",2521,"G301","Enfermedad de alzheimer comienzo tardio","[CEPS-AP:229] Enfermedad de alzheimer y otras enfermedades degenerativas del sistema nerviosos","I","mental"
"505",849,"C159","Tumor maligno del esofago, parte no especificada","[CEPS-AP:100] Tumores malignos de los órganos digestivos","I","visceral"
"506",3157,"I051","Insuficiencia mitral reumatica","[CEPS-AP:350] Fiebre reumática aguda y enfermedades reumáticas crónicas","I","visceral"
"507",2922,"H348","Otras oclusiones vasculares retinianas","[CEPS-AP:254] Trastornos de la coroides y de la retina","I","visual"
"508",12421,"Z993","Dependencia de silla de ruedas","[CEPS-AP:899] Otras condiciones que influyen en el estado de salud","I","motor"
"509",7680,"S789","Amputacion traumatica de cadera y muslo, nivel no especificado","[CEPS-AP:762] Demás traumatismos","I","motor"
"510",1138,"C790","Tumor maligno secundario del riñon y de la pelvis renal","[CEPS-AP:108] Todos los demás tumores malignos","I","visceral"
"511",5223,"N318","Otras disfunciones neuromusculares de la vejiga","[CEPS-AP:535] Otras enfermedades del riñón, uréter, vejiga y uretra","I","visceral"
"512",3981,"K500","Enfermedad de Crohn del intestino delgado","[CEPS-AP:433] Enteritis y colitis no infecciosa","I","visceral"
"513",871,"C186","Tumor maligno del colon descendente","[CEPS-AP:100] Tumores malignos de los órganos digestivos","I","visceral"
"514",883,"C222","Hepatoblastoma","[CEPS-AP:100] Tumores malignos de los órganos digestivos","I","visceral"
"515",5214,"N301","Cistitis intersticial (cronica)","[CEPS-AP:534] Cistitis","I","visceral"
"516",5966,"P051","Pequeño para edad gestacional","[CEPS-AP:626] Trastornos relacionados con la duración de la gestación y el crecimiento fetal","I","motor"
"517",858,"C169","Tumor maligno del estomago, parte no especificada","[CEPS-AP:100] Tumores malignos de los órganos digestivos","I","visceral"
"518",1142,"C794","Tumor maligno secundario de otras partes del sistema nervioso y de las no especificadas","[CEPS-AP:108] Todos los demás tumores malignos","I","visceral"
"519",1056,"C66","Tumor maligno del ureter","[CEPS-AP:106] Tumores malignos de las vías urinarias","I","visceral"
"520",12383,"Z944","Trasplante de higado","[CEPS-AP:899] Otras condiciones que influyen en el estado de salud","I","visceral"
"521",8470,"T954","Secuelas de quemadura y corrosion clasificables solo de acuerdo con la extension de la superficie del cuerpo afectada","[CEPS-AP:770] Secuelas de traumatismos, envenamientos, quemaduras, corrosiones y congelamientos","I","motor"
"522",7679,"S781","Amputacion traumatica en algun nivel entre la cadera y la rodilla","[CEPS-AP:762] Demás traumatismos","I","motor"
"523",2892,"H271","Luxacion del cristalino","[CEPS-AP:253] Catarata senil y otras cataratas","I","visual"
"524",6054,"P271","Displasia broncopulmonar originada en el periodo perinatal","[CEPS-AP:649] Demás afecciones originadas en el período perinatal","I","visceral"
"525",4955,"M842","Consolidacion retardada de fractura","[CEPS-AP:504] Osteoporosis y otros trastornos de la densidad y de las estructuras óseas","I","motor"
"526",7632,"S684","Amputacion traumatica de la mano a nivel de la muñeca","[CEPS-AP:762] Demás traumatismos","I","motor"
"527",5153,"N131","Hidronefrosis con estrechez ureteral, no clasificada en otra parte","[CEPS-AP:531] Pielonefritis, pielitis y otras enfermedades renales tubulointersticial","I","visceral"
"528",2366,"F729","Retraso mental grave: deterioro del comportamiento de grado no especificado","[CEPS-AP:208] Retraso mental","I","mental"
"529",2736,"G913","Hidrocefalo postraumatico, sin otra especificacion","[CEPS-AP:249] Otros trastornos del sistema nervioso no clasificados en otra parte","I","motor"
"530",842,"C150","Tumor maligno del esofago, porcion cervical","[CEPS-AP:100] Tumores malignos de los órganos digestivos","I","visceral"
"531",6591,"Q605","Hipoplasia renal, no especificada","[CEPS-AP:653] Demás malformaciones congénitas","I","visceral"
"532",843,"C151","Tumor maligno del esofago, porcion toracica","[CEPS-AP:100] Tumores malignos de los órganos digestivos","I","visceral"
"533",2708,"G804","Paralisis cerebral ataxica","[CEPS-AP:238] Parálisis cerebral y otros síndromes paralíticos","I","motor"
"534",2846,"H178","Otras opacidades o cicatrices de la cornea","[CEPS-AP:252] Trastornos de la esclerótica, córnea, iris y cuerpo ciliar","I","visual"
"535",3258,"I341","Prolapso (de la valvula) mitral","[CEPS-AP:355] Pericarditis, endocarditis, miocarditis aguda y cardiomiopatía","I","visceral"
"536",12375,"Z935","Cistostomia","[CEPS-AP:899] Otras condiciones que influyen en el estado de salud","I","visceral"
"537",6278,"Q054","Espina bifida con hidrocefalo, sin otra especificacion","[CEPS-AP:653] Demás malformaciones congénitas","I","motor"
"538",903,"C268","Lesion de sitios contiguos de los organos digestivos","[CEPS-AP:100] Tumores malignos de los órganos digestivos","I","visceral"
"539",5094,"N035","Sindrome nefritico cronico: glomerulonefritis mesangiocapilar difusa","[CEPS-AP:530] Glomerulonefritis aguda, crónica y sin especificar","I","visceral"
"540",12376,"Z936","Otros orificios artificiales de las vias urinarias","[CEPS-AP:899] Otras condiciones que influyen en el estado de salud","I","visceral"
"541",5212,"N298","Otros trastornos del riñon y del ureter en otras enfermedades clasificadas en otra parte",NA,"I","visceral"
"542",6038,"P240","Aspiracion neonatal de meconio","[CEPS-AP:649] Demás afecciones originadas en el período perinatal","I","motor"
"543",5200,"N258","Otros trastornos resultantes de la funcion tubular renal alterada","[CEPS-AP:535] Otras enfermedades del riñón, uréter, vejiga y uretra","I","visceral"
"544",2478,"G118","Otras ataxias hereditarias","[CEPS-AP:249] Otros trastornos del sistema nervioso no clasificados en otra parte","I","motor"
"545",8467,"T951","Secuelas de quemadura, corrosion y congelamiento del tronco","[CEPS-AP:770] Secuelas de traumatismos, envenamientos, quemaduras, corrosiones y congelamientos","I","motor"
"546",1561,"D593","Sindrome hemolitico-uremico","[CEPS-AP:126] Otras anemias por deficiencias","I","visceral"
"547",5089,"N030","Sindrome nefritico cronico: anomalia glomerular minima","[CEPS-AP:530] Glomerulonefritis aguda, crónica y sin especificar","I","visceral"
"548",2969,"H472","Atrofia optica","[CEPS-AP:299] Otras alteraciones de la visión o ceguera y demás enfermedades del ojo y sus anexos","I","visual"
"549",6665,"Q700","Fusion de los dedos de la mano","[CEPS-AP:652] Malformaciones y deformidades congénitas del sistema osteomuscular","I","motor"
"550",5149,"N118","Otras nefritis tubulointersticiales cronicas","[CEPS-AP:531] Pielonefritis, pielitis y otras enfermedades renales tubulointersticial","I","visceral"
"551",3260,"I348","Otros trastornos no reumaticos de la valvula mitral","[CEPS-AP:355] Pericarditis, endocarditis, miocarditis aguda y cardiomiopatía","I","visceral"
"552",2733,"G910","Hidrocefalo comunicante","[CEPS-AP:249] Otros trastornos del sistema nervioso no clasificados en otra parte","I","motor"
"553",8472,"T959","Secuelas de quemadura, corrosion y congelamiento no especificados","[CEPS-AP:770] Secuelas de traumatismos, envenamientos, quemaduras, corrosiones y congelamientos","I","motor"
"554",7737,"S889","Amputacion traumatica de la pierna, nivel no especificado","[CEPS-AP:762] Demás traumatismos","I","motor"
"555",2715,"G821","Paraplejia espastica","[CEPS-AP:238] Parálisis cerebral y otros síndromes paralíticos","I","motor"
"556",8441,"T913","Secuelas de traumatismo de la medula espinal","[CEPS-AP:770] Secuelas de traumatismos, envenamientos, quemaduras, corrosiones y congelamientos","I","motor"
"557",6696,"Q743","Artrogriposis multiple congenita","[CEPS-AP:652] Malformaciones y deformidades congénitas del sistema osteomuscular","I","motor"
"558",1059,"C672","Tumor maligno de la pared lateral de la vejiga","[CEPS-AP:106] Tumores malignos de las vías urinarias","I","visceral"
"559",4978,"M870","Necrosis aseptica idiopatica osea","[CEPS-AP:524] Otros trastornos del sistema osteomuscular y del tejido conjuntivo","I","motor"
"560",2680,"G702","Miastenia congenita o del desarrollo","[CEPS-AP:237] Enfermedades musculares y de la unión neuromuscular","I","motor"
"561",7843,"T056","Amputacion traumatica de miembros superior(es) e inferior(es), cualquier combinacion [cualquier nivel]","[CEPS-AP:762] Demás traumatismos","I","motor"
"562",7736,"S881","Amputacion traumatica en algun nivel entre la rodilla y el tobillo","[CEPS-AP:762] Demás traumatismos","I","motor"
"563",6635,"Q660","Talipes equinovarus","[CEPS-AP:652] Malformaciones y deformidades congénitas del sistema osteomuscular","I","motor"
"564",1073,"C692","Tumor maligno de la retina","[CEPS-AP:108] Todos los demás tumores malignos","I","visual"
"565",6276,"Q052","Espina bifida lumbar con hidrocefalo","[CEPS-AP:653] Demás malformaciones congénitas","I","motor"
"566",2052,"F04","Sindrome amnesico organico, no inducido por acohol o por otras sustancias psicoactivas","[CEPS-AP:200] Trastornos mentales orgánicos, incluidos los trastornos sintomáticos","I","mental"
"567",3264,"I352","Estenosis (de la valvula) aortica con insuficiencia","[CEPS-AP:355] Pericarditis, endocarditis, miocarditis aguda y cardiomiopatía","I","visceral"
"568",8466,"T950","Secuelas de quemadura, corrosion y congelamiento de la cabeza y del cuello","[CEPS-AP:770] Secuelas de traumatismos, envenamientos, quemaduras, corrosiones y congelamientos","I","motor"
"569",2754,"G950","Siringomielia y siringobulbia","[CEPS-AP:249] Otros trastornos del sistema nervioso no clasificados en otra parte","I","motor"
"570",2693,"G724","Miopatia inflamatoria, no clasificada en otra parte","[CEPS-AP:237] Enfermedades musculares y de la unión neuromuscular","I","motor"
"571",6671,"Q710","Ausencia congenita completa del (de los) miembro(s) superior(es)","[CEPS-AP:652] Malformaciones y deformidades congénitas del sistema osteomuscular","I","motor"
"572",2658,"G608","Otras neuropatias hereditarias e idiopaticas","[CEPS-AP:236] Polineuropatías y otros trastornos del sistema nerviosos periférico","I","motor"
"573",848,"C158","Lesion de sitios contiguos del esofago","[CEPS-AP:100] Tumores malignos de los órganos digestivos","I","visceral"
"574",6684,"Q724","Defecto por reduccion longitudinal del femur","[CEPS-AP:652] Malformaciones y deformidades congénitas del sistema osteomuscular","I","motor"
"575",5156,"N134","Hidroureter","[CEPS-AP:531] Pielonefritis, pielitis y otras enfermedades renales tubulointersticial","I","visceral"
"576",2864,"H201","Iridociclitis cronica","[CEPS-AP:252] Trastornos de la esclerótica, córnea, iris y cuerpo ciliar","I","visual"
"577",6023,"P211","Asfixia del nacimiento, leve y moderada","[CEPS-AP:649] Demás afecciones originadas en el período perinatal","I","motor"
"578",7631,"S683","Amputacion traumatica combinada (de parte) de dedo(s) con otras partes de la muñeca y de la mano","[CEPS-AP:762] Demás traumatismos","I","motor"
"579",2718,"G824","Cuadriplejia espastica","[CEPS-AP:238] Parálisis cerebral y otros síndromes paralíticos","I","motor"
"580",7022,"R491","Afonia","[CEPS-AP:725] Síntomas y signos que involucran el habla y la voz","I","visceral"
"581",2707,"G803","Paralisis cerebral discinetica","[CEPS-AP:238] Parálisis cerebral y otros síndromes paralíticos","I","motor"
"582",6277,"Q053","Espina bifida sacra con hidrocefalo","[CEPS-AP:653] Demás malformaciones congénitas","I","motor"
"583",2685,"G712","Miopatias congenitas","[CEPS-AP:237] Enfermedades musculares y de la unión neuromuscular","I","motor"
"584",3468,"I792","Angiopatia periferica en enfermedades clasificadas en otra parte",NA,"I","visceral"
"585",846,"C154","Tumor maligno del tercio medio del esofago","[CEPS-AP:100] Tumores malignos de los órganos digestivos","I","visceral"
"586",2849,"H181","Queratopatia vesicular","[CEPS-AP:252] Trastornos de la esclerótica, córnea, iris y cuerpo ciliar","I","visual"
"587",7256,"S061","Edema cerebral traumatico","[CEPS-AP:762] Demás traumatismos","I","visual"
"588",6369,"Q218","Otras malformaciones congenitas de los tabiques cardiacos","[CEPS-AP:650] Malformaciones congénitas del sistema circulatorio","I","visceral"
"589",6953,"R260","Marcha ataxica","[CEPS-AP:722] Síntomas y signos que involucran los sistemas nervioso y osteomuscular","I","motor"
"590",6396,"Q250","Conducto arterioso permeable","[CEPS-AP:650] Malformaciones congénitas del sistema circulatorio","I","visceral"
"591",2741,"G931","Lesion cerebral anoxica, no clasificada en otra parte","[CEPS-AP:249] Otros trastornos del sistema nervioso no clasificados en otra parte","I","motor"
"592",6437,"Q313","Laringocele","[CEPS-AP:653] Demás malformaciones congénitas","I","visceral"
"593",3414,"I690","Secuelas de hemorragia subaracnoidea",NA,"I","visual"
"594",6683,"Q723","Ausencia congenita del pie y dedo(s) del pie","[CEPS-AP:652] Malformaciones y deformidades congénitas del sistema osteomuscular","I","motor"
"595",7678,"S780","Amputacion traumatica de la articulacion de la cadera","[CEPS-AP:762] Demás traumatismos","I","motor"
"596",3294,"I422","Otras cardiomiopatia hipertroficas","[CEPS-AP:355] Pericarditis, endocarditis, miocarditis aguda y cardiomiopatía","I","visceral"
"597",7790,"S980","Amputacion traumatica del pie a nivel del tobillo","[CEPS-AP:762] Demás traumatismos","I","motor"
"598",12370,"Z930","Traqueostomia","[CEPS-AP:899] Otras condiciones que influyen en el estado de salud","I","visceral"
"599",865,"C180","Tumor maligno del ciego","[CEPS-AP:100] Tumores malignos de los órganos digestivos","I","visceral"
"600",6674,"Q713","Ausencia congenita de la mano y el (los) dedo(s)","[CEPS-AP:652] Malformaciones y deformidades congénitas del sistema osteomuscular","I","motor"
"601",6452,"Q336","Hipoplasia y displasia pulmonar","[CEPS-AP:653] Demás malformaciones congénitas","I","visceral"
"602",3416,"I692","Secuelas de otras hemorragias intracraneales no traumaticas",NA,"I","visual"
"603",2509,"G249","Distonia, no especificada","[CEPS-AP:228] Otras enfermedades degenerativas, distonía y otros trastornos extrapiramidales y del movimiento","I","motor"
"604",3446,"I741","Embolia y trombosis de otras porciones y las no especificadas de la aorta","[CEPS-AP:373] Otras enfermedades de las arterias, de las arteriolas y de los vasos capilares","I","visceral"
"605",12393,"Z954","Presencia de otros reemplazos de valvula cardiaca","[CEPS-AP:899] Otras condiciones que influyen en el estado de salud","I","visceral"
"606",3164,"I068","Otras enfermedades reumaticas de la valvula aortica","[CEPS-AP:350] Fiebre reumática aguda y enfermedades reumáticas crónicas","I","visceral"
"607",3265,"I358","Otros trastornos de la valvula aortica","[CEPS-AP:355] Pericarditis, endocarditis, miocarditis aguda y cardiomiopatía","I","visceral"
"608",5201,"N259","Trastorno no especificado, resultante de la funcion tubular renal alterada","[CEPS-AP:535] Otras enfermedades del riñón, uréter, vejiga y uretra","I","visceral"
"609",6490,"Q396","Diverticulo del esofago","[CEPS-AP:653] Demás malformaciones congénitas","I","visceral"
"610",3450,"I745","Embolia y trombosis de arteria iliaca","[CEPS-AP:373] Otras enfermedades de las arterias, de las arteriolas y de los vasos capilares","I","visceral"
"611",6487,"Q393","Estrechez o estenosis congenita del esofago","[CEPS-AP:653] Demás malformaciones congénitas","I","visceral"
"612",2503,"G241","Distonia idiopatica familiar","[CEPS-AP:228] Otras enfermedades degenerativas, distonía y otros trastornos extrapiramidales y del movimiento","I","motor"
"613",1065,"C678","Lesion de sitios contiguos de la vejiga","[CEPS-AP:106] Tumores malignos de las vías urinarias","I","visceral"
